,regions,coverage
0,287_207_458_529_534_318_192_168_313_319_488_196_298_99_241,45645
1,391_491_307_293_374_313_211_382_131_283_326_454_109_401_550,46355
2,507_287_467_211_322_382_561_395_249_128_481_513_368_377_497,52522
3,390_464_428_303_318_131_182_257_283_202_106_512_519_436_186,46878
4,334_466_431_498_345_293_374_151_184_270_125_384_475_422_305,49524
5,149_196_326_395_428_404_209_152_293_207_454_464_270_550_346,45381
6,304_125_467_484_168_99_285_512_461_374_291_241_270_389_497,46399
7,459_254_404_109_169_374_172_385_334_125_442_437_507_368_416,45159
8,572_250_504_454_346_109_389_168_286_188_445_298_501_519_152,54964
9,149_307_424_285_205_391_416_506_513_393_452_454_170_128_467,43618
10,401_315_318_575_199_475_192_436_210_428_366_131_397_464_404,46006
11,366_416_125_293_367_196_241_169_401_210_245_116_396_314_152,39307
12,226_205_391_223_388_396_291_148_106_427_428_385_438_451_345,37994
13,188_288_510_247_402_396_466_109_128_291_393_488_459_377_480,45702
14,151_326_484_355_464_461_207_466_529_513_389_226_212_131_416,47266
15,427_254_216_308_395_195_58_355_368_534_322_492_106_466_188,51079
16,226_504_188_131_152_393_186_503_404_312_318_207_308_248_481,46435
17,301_293_490_285_182_170_245_186_184_390_216_445_385_459_428,41404
18,170_388_446_342_305_222_484_393_270_550_168_96_172_289_501,53044
19,355_389_257_391_366_202_247_301_504_428_374_490_506_312_249,31855
20,503_195_397_480_513_202_250_510_481_452_188_464_355_385_401,39612
21,212_106_254_109_404_326_484_402_288_257_369_248_397_151_459,38247
22,458_305_148_151_397_196_366_285_384_416_467_216_128_393_257,36802
23,369_342_168_326_304_444_431_355_391_513_58_334_313_498_368,46591
24,393_305_131_342_437_504_211_188_561_464_436_151_404_475_308,50304
25,447_467_203_355_138_125_346_461_211_247_422_314_289_342_427,38086
26,149_283_447_442_170_131_459_497_182_109_377_58_470_512_326,48501
27,512_254_250_186_501_202_388_188_195_152_248_390_196_502_467,37364
28,436_447_298_369_226_318_314_572_442_459_286_561_307_384_396,39696
29,285_395_438_487_427_464_254_389_138_184_247_422_125_503_492,43450
30,389_575_452_475_301_480_345_205_391_207_484_308_211_390_470,39460
31,286_464_148_96_572_506_169_424_442_402_192_185_106_388_314,44946
32,298_447_498_575_467_506_203_385_291_454_99_491_384_480_367,46509
33,424_301_490_303_212_172_431_205_428_168_223_550_452_436_291,42013
34,366_492_288_454_529_534_428_99_289_298_402_390_416_216_431,46155
35,96_355_447_382_209_445_498_452_342_205_226_438_188_288_203,37818
36,151_388_490_366_445_168_169_431_101_396_334_212_507_428_497,48271
37,195_249_513_257_510_131_396_308_418_196_192_188_313_355_491,46981
38,513_304_212_205_58_487_447_116_389_422_151_169_257_390_506,48475
39,512_503_428_366_369_131_99_550_293_397_248_334_322_418_502,54558
40,366_318_151_529_195_211_334_287_389_427_346_377_298_184_131,42902
41,369_289_529_247_148_116_461_99_172_411_168_492_286_151_283,42762
42,488_138_168_436_128_512_312_504_391_377_148_422_384_250_404,51885
43,186_374_301_203_286_458_377_411_498_418_502_195_454_250_205,39936
44,513_195_384_561_422_428_461_388_382_342_488_223_497_203_481,49350
45,257_512_384_561_318_475_291_345_312_226_461_241_466_326_572,45588
46,550_286_188_396_438_388_283_96_185_503_385_491_116_346_319,46652
47,211_223_513_490_202_172_444_313_205_182_186_128_388_506_216,41708
48,182_391_428_404_512_283_519_250_342_203_186_497_322_241_249,51254
49,461_293_487_207_470_484_481_99_326_182_289_480_128_498_304,49064
50,216_128_199_288_447_504_355_444_192_393_513_226_313_312_305,48279
51,245_168_510_431_185_287_367_313_96_125_519_226_480_342_488,58778
52,368_411_170_377_172_575_149_287_188_303_313_312_226_192_270,35750
53,247_116_346_487_254_249_241_205_396_550_212_223_293_186_312,39402
54,444_451_484_289_303_481_203_534_411_427_402_305_452_152_437,48493
55,377_148_534_529_346_464_470_319_326_445_334_223_170_488_480,54365
56,498_451_288_411_431_487_131_391_390_534_475_303_470_312_355,53223
57,466_572_464_446_315_298_186_424_182_550_506_245_99_288_116,46685
58,288_322_149_445_226_501_452_185_313_304_529_188_125_404_326,55873
59,196_207_389_424_447_446_101_452_168_404_222_436_445_512_195,36026
60,196_125_396_504_437_431_389_492_490_182_207_488_384_529_438,46241
61,257_128_445_101_313_384_393_492_241_504_207_247_418_461_366,49876
62,438_248_488_131_305_561_490_447_444_169_195_390_445_498_287,41928
63,367_395_257_312_513_447_484_249_322_470_393_575_247_207_481,43188
64,395_315_345_346_318_170_497_223_481_326_128_411_454_303_58,46999
65,461_374_196_572_289_431_395_216_207_368_550_322_506_452_318,42349
66,466_464_298_318_447_128_313_377_369_248_226_293_216_168_391,39223
67,512_369_366_444_322_257_289_125_404_501_245_209_101_529_168,50357
68,490_368_366_404_286_369_185_186_346_109_377_384_416_202_470,42275
69,169_305_437_186_207_481_301_498_422_428_241_431_388_149_125,43732
70,212_172_314_454_487_529_491_411_480_498_488_241_205_195_459,47742
71,304_447_550_384_506_444_216_374_283_416_334_125_396_504_368,49063
72,519_418_241_502_377_314_436_188_504_304_216_186_172_207_481,48561
73,152_195_248_502_366_291_210_186_211_436_382_304_307_182_431,35590
74,487_315_283_257_572_512_245_192_384_203_212_138_550_172_312,47502
75,428_254_287_503_502_461_368_561_212_151_245_498_401_186_451,46220
76,346_506_395_199_446_501_202_301_404_510_550_138_203_484_384,54340
77,395_223_184_168_481_241_437_151_101_447_529_418_188_248_289,41972
78,241_366_192_314_247_186_384_131_128_148_418_342_322_287_390,42520
79,305_116_502_428_401_391_209_196_346_216_492_210_314_106_481,45247
80,257_572_305_303_58_503_390_326_170_106_416_498_345_212_431,49896
81,247_397_342_313_498_285_396_298_216_326_192_283_169_393_534,42864
82,307_447_374_561_250_188_303_283_199_346_438_248_109_491_286,42572
83,442_572_322_447_491_512_288_257_519_169_188_245_172_401_431,54999
84,96_241_534_355_458_109_428_202_170_487_303_334_374_445_367,47660
85,186_188_203_172_377_368_444_416_411_467_326_401_575_285_195,41731
86,490_319_254_458_151_128_454_431_305_411_199_226_250_529_148,44725
87,314_293_401_550_451_442_458_334_490_367_151_116_461_304_291,47725
88,168_411_550_222_424_510_369_512_506_326_475_428_390_149_172,47185
89,101_401_222_404_397_245_315_416_502_424_550_202_490_391_250,42883
90,475_283_366_467_395_487_461_388_466_561_222_519_312_195_172,53157
91,288_402_116_498_185_270_307_550_475_226_222_519_390_249_223,47943
92,249_385_484_319_184_374_186_451_99_314_182_212_466_395_459,39290
93,245_304_492_131_447_519_303_249_58_467_444_186_346_205_319,43926
94,216_487_377_445_382_345_249_210_304_391_184_411_116_288_529,49440
95,416_205_199_461_534_503_491_458_342_470_446_283_384_436_459,50230
96,416_575_148_223_345_402_390_395_287_447_488_396_307_490_109,45581
97,510_186_58_248_436_182_148_205_503_223_169_501_285_195_431,43861
98,250_382_572_467_285_385_342_498_454_298_196_211_212_575_346,35846
99,416_442_116_506_314_249_411_148_445_393_487_510_305_503_168,56816
100,96_503_444_222_442_212_411_550_202_205_534_148_346_326_192,45205
101,149_507_128_488_385_396_368_138_437_270_490_203_186_467_293,42847
102,195_404_313_185_424_152_513_451_502_248_270_245_99_507_459,49218
103,451_382_388_490_374_422_312_209_488_396_170_199_202_390_168,36796
104,447_424_185_241_385_438_459_196_451_326_128_257_168_481_391,39041
105,385_444_308_270_209_192_367_459_480_481_249_454_212_498_424,40931
106,293_437_152_442_106_289_506_534_305_488_209_393_484_148_207,56735
107,490_507_550_247_211_481_475_504_248_216_466_99_182_345_293,42658
108,334_461_188_131_291_96_377_503_446_346_447_389_315_226_451,44450
109,404_241_334_461_125_464_212_151_101_391_346_512_367_497_385,44734
110,458_572_334_397_480_207_391_250_314_172_510_326_209_285_257,51575
111,226_301_288_396_390_148_313_507_322_534_418_99_513_58_257,53191
112,182_444_192_467_226_312_315_209_326_401_138_366_572_461_374,42169
113,490_428_498_303_96_404_286_128_106_374_437_250_211_484_422,47510
114,484_131_411_216_109_58_507_342_512_298_195_241_346_447_305,49392
115,283_207_285_447_195_575_270_304_312_355_301_529_185_196_418,37786
116,504_223_247_437_424_322_222_149_446_367_459_116_131_250_374,42671
117,298_416_245_202_397_106_319_169_101_148_109_318_257_395_287,39309
118,186_427_519_308_454_470_303_247_534_366_390_513_196_503_286,50328
119,393_149_291_377_575_458_382_212_303_186_510_395_550_287_424,44638
120,490_247_424_315_182_106_534_257_96_437_502_298_288_287_382,46440
121,390_185_314_106_203_287_382_367_182_285_427_459_172_388_207,38050
122,249_445_106_248_442_170_286_444_529_431_303_385_149_458_390,41826
123,561_192_315_250_211_326_342_442_366_186_436_459_396_503_502,50545
124,388_334_226_169_446_58_445_96_442_131_168_195_304_561_480,47104
125,575_447_196_452_418_503_402_212_513_395_498_475_257_345_424,47156
126,185_152_342_314_395_575_428_572_131_285_393_291_212_475_382,44306
127,475_561_319_487_467_168_501_293_148_458_385_416_384_257_510,56084
128,355_377_257_250_288_312_402_289_116_507_247_481_519_497_498,42887
129,283_195_451_512_503_342_226_285_467_286_287_318_209_498_250,49390
130,172_226_346_109_216_422_458_151_303_222_454_550_192_138_131,35890
131,148_466_203_223_226_216_334_257_464_418_285_475_185_484_254,39622
132,458_427_270_384_319_397_293_151_283_222_312_307_202_382_254,38443
133,402_186_248_270_305_319_534_101_464_503_211_458_125_355_507,49105
134,222_101_464_452_195_257_205_345_254_437_192_369_169_226_293,29166
135,512_289_492_442_390_391_487_446_288_459_209_101_151_481_169,44674
136,345_196_205_58_416_241_308_437_470_501_192_285_307_575_428,40626
137,301_283_436_480_411_446_305_199_534_484_254_385_470_211_291,41087
138,416_498_315_226_396_241_182_188_128_250_572_58_303_247_289,42134
139,534_498_303_209_326_428_222_285_101_305_293_283_491_223_106,48105
140,504_510_314_283_285_245_148_106_203_301_355_385_318_169_459,47478
141,502_416_491_293_401_304_148_461_498_131_291_286_283_199_270,41571
142,447_223_451_368_192_185_444_148_109_507_488_96_506_502_401,43467
143,334_241_402_301_169_128_106_226_287_529_506_151_369_575_250,48282
144,513_504_315_458_148_202_402_389_428_345_374_334_241_503_447,53723
145,184_572_151_125_401_326_368_192_422_391_418_484_464_305_195,48508
146,216_503_393_480_367_424_169_315_211_467_196_475_289_106_369,46723
147,285_148_186_283_452_416_451_504_346_301_377_512_458_307_96,41147
148,291_192_303_241_168_503_128_442_209_307_169_374_366_389_411,36148
149,151_96_152_250_452_248_428_148_382_397_377_289_170_561_188,37315
150,487_151_307_210_396_452_199_498_286_58_377_507_519_168_346,57440
151,322_470_304_484_314_128_151_481_427_475_106_319_249_393_504,48402
152,168_491_304_257_58_293_307_424_212_355_241_312_314_287_487,39245
153,366_390_492_388_342_58_470_438_151_196_501_106_223_148_184,42418
154,402_424_385_404_222_283_503_207_572_210_458_438_257_498_513,47118
155,203_346_390_550_314_513_248_270_458_367_101_192_369_116_182,45363
156,169_513_148_504_172_109_248_211_484_427_207_286_96_512_367,41230
157,291_575_199_422_507_203_169_402_488_185_401_367_404_470_513,49533
158,480_396_109_257_437_342_377_128_484_467_369_402_389_209_226,44591
159,424_291_152_438_315_529_241_355_418_186_205_550_384_334_461,54030
160,169_270_202_497_152_283_437_301_342_492_561_286_291_512_428,52401
161,418_550_334_301_572_431_170_487_382_195_438_452_401_391_151,49199
162,484_216_192_293_185_451_512_369_301_355_96_319_519_241_390,49635
163,464_195_245_428_307_216_257_131_287_308_444_345_58_172_451,35938
164,506_169_402_382_151_422_384_385_467_404_497_182_149_128_431,41590
165,519_345_507_480_506_369_366_170_484_401_315_458_451_550_561,50565
166,109_182_199_393_196_385_401_445_470_298_245_250_305_301_318,37941
167,285_437_287_385_534_442_196_422_182_205_289_397_58_116_270,42459
168,307_512_182_519_245_438_248_377_424_382_287_209_418_138_345,39971
169,572_192_366_245_466_385_427_464_199_411_128_490_247_212_125,40070
170,391_101_396_109_402_488_346_185_205_451_446_382_192_466_458,40166
171,308_377_454_109_245_390_411_368_307_452_389_210_464_285_101,32352
172,346_451_184_404_245_101_125_291_397_355_416_418_461_304_199,38215
173,444_186_149_436_484_345_396_326_464_402_313_368_247_507_99,49346
174,315_382_459_318_385_304_480_534_303_369_106_131_288_506_305,45779
175,442_490_291_369_492_210_257_195_58_390_377_572_384_355_326,42696
176,287_446_318_188_487_209_464_575_315_322_382_418_216_369_367,42609
177,131_99_424_207_428_289_513_367_172_366_512_484_188_298_170,37841
178,467_138_319_298_497_99_487_172_185_96_401_184_488_418_322,46428
179,172_466_467_402_128_377_342_334_437_452_501_368_195_101_182,46560
180,464_226_326_313_395_404_285_422_529_397_298_249_384_572_254,44271
181,501_534_461_418_116_151_442_203_322_210_396_401_305_391_131,50049
182,466_298_210_185_125_470_377_507_367_464_384_293_390_480_475,46805
183,369_184_293_513_454_497_388_125_312_109_377_222_138_58_529,43411
184,291_326_503_402_487_315_506_138_222_99_374_345_464_342_287,49073
185,572_416_211_291_461_196_389_247_286_101_172_506_451_245_377,41675
186,245_241_223_138_382_550_209_446_442_168_212_312_203_396_186,39604
187,287_293_298_475_366_250_226_283_312_308_442_492_245_186_195,40830
188,431_298_149_308_369_437_510_291_395_116_401_184_319_270_245,43606
189,203_170_481_116_388_249_152_286_575_428_561_504_401_475_101,48720
190,322_192_488_416_367_519_184_397_504_445_287_205_249_96_182,53110
191,572_195_203_116_452_287_205_291_249_326_427_241_369_196_346,39645
192,138_305_346_149_291_382_388_207_487_313_393_257_151_374_318,38874
193,575_172_291_480_202_254_397_245_283_151_199_301_393_298_418,34440
194,454_503_431_222_422_391_210_205_395_185_169_116_411_382_307,41070
195,431_385_58_223_513_369_411_283_444_169_424_288_519_507_458,46473
196,241_492_315_152_138_385_507_431_447_416_342_58_185_395_437,51996
197,369_572_390_561_285_106_355_289_315_418_334_422_464_170_58,45450
198,402_497_283_404_288_314_116_510_506_326_223_250_186_99_438,48520
199,138_393_428_293_427_504_422_459_314_184_182_402_101_484_382,50439
200,285_254_572_561_152_286_182_307_507_199_245_377_513_391_575,39886
201,186_368_125_151_101_382_148_436_270_416_498_490_402_192_355,43054
202,461_128_397_502_458_467_149_222_216_391_480_374_529_205_184,40891
203,534_346_99_451_519_149_367_390_241_401_286_487_391_205_467,44273
204,366_106_575_314_245_291_169_395_58_226_427_418_444_404_384,45820
205,461_396_393_355_169_249_109_203_248_384_391_561_202_506_318,45543
206,431_216_168_207_369_388_106_109_226_492_148_385_138_210_395,37235
207,484_529_138_305_168_385_492_212_254_285_250_307_467_216_503,47253
208,245_319_506_125_367_286_427_109_342_368_241_470_116_152_382,40572
209,250_184_402_550_304_305_313_447_342_534_109_303_301_367_466,46466
210,502_257_484_377_411_210_452_513_481_519_319_205_501_346_289,47070
211,151_572_342_186_188_389_397_534_304_318_109_152_513_391_438,47436
212,346_428_480_138_172_289_99_96_458_418_437_203_396_404_498,43685
213,308_293_298_169_445_101_461_369_270_487_254_467_99_182_149,40687
214,250_510_283_186_196_151_416_212_498_447_464_148_355_497_467,46780
215,303_288_401_550_491_149_395_318_411_446_534_152_374_513_192,54630
216,428_561_470_301_172_312_207_461_249_116_382_307_99_395_241,40456
217,561_101_293_397_334_389_254_188_498_286_322_291_442_550_304,40675
218,286_245_506_149_185_96_438_488_308_322_369_391_422_431_211,47002
219,470_151_561_152_492_416_488_467_510_58_442_385_241_169_402,48076
220,222_291_503_125_422_223_572_199_149_382_427_431_391_212_396,44874
221,475_355_342_245_411_207_322_368_418_345_287_288_458_389_199,41731
222,195_459_396_152_391_334_464_389_116_490_512_498_312_444_287,50366
223,211_152_431_138_226_170_411_210_501_390_205_428_497_172_506,40651
224,283_368_199_391_298_377_445_226_303_428_507_444_195_301_488,41785
225,345_438_388_452_301_487_385_428_550_575_287_447_289_116_168,47018
226,241_301_467_346_401_488_99_491_212_289_504_96_484_452_397,46257
227,151_312_149_326_298_431_459_254_207_304_390_475_458_286_196,42238
228,334_125_445_382_411_149_534_418_270_437_480_249_151_470_484,43503
229,257_470_411_313_561_490_152_437_444_512_211_397_395_391_199,46558
230,438_502_397_182_168_529_491_452_319_152_442_498_303_451_148,45751
231,355_151_382_149_466_490_205_428_318_288_148_249_315_211_491,44974
232,342_391_205_207_184_345_436_369_172_109_488_247_529_209_497,41109
233,480_431_445_561_247_402_389_366_427_303_301_458_287_209_319,43717
234,303_388_195_561_436_182_342_497_484_438_322_427_395_575_424,45721
235,470_418_431_513_96_151_490_205_487_397_550_355_210_484_312,53335
236,301_572_223_561_186_303_195_116_416_168_481_498_247_285_152,39387
237,390_293_223_249_402_298_172_451_149_125_395_168_286_464_404,40107
238,169_466_241_436_390_355_498_561_319_575_304_248_257_313_503,46001
239,385_480_529_377_170_391_503_128_402_249_312_388_211_534_488,41368
240,529_367_416_503_492_283_209_458_169_254_226_436_501_106_170,47899
241,223_131_326_138_298_488_427_459_202_207_342_411_498_249_148,45665
242,298_291_109_223_404_377_334_195_513_397_106_367_192_459_186,47197
243,293_451_490_345_308_303_168_291_355_207_461_459_298_418_326,35577
244,385_431_285_395_396_207_389_467_438_424_312_247_445_287_241,29785
245,152_501_490_192_502_283_322_301_223_396_459_487_467_411_390,47057
246,241_199_389_326_506_397_314_106_498_404_203_374_305_285_109,43673
247,212_575_480_196_128_250_205_182_315_451_442_459_254_195_484,38005
248,461_402_438_445_442_550_106_304_437_216_466_397_411_125_149,40496
249,501_367_128_315_248_355_287_202_216_319_169_438_513_475_431,46006
250,199_385_319_109_168_184_308_480_314_374_207_393_534_428_397,45126
251,467_293_506_125_226_488_222_203_458_307_422_480_209_291_513,45330
252,286_257_534_391_431_289_326_152_404_148_464_172_519_393_502,46510
253,384_334_487_248_196_169_428_355_285_305_445_454_498_504_437,52955
254,444_346_301_184_305_501_283_288_503_313_397_507_247_169_203,43698
255,248_467_550_391_575_185_411_195_454_305_247_389_319_172_422,37998
256,202_497_195_289_438_186_249_512_291_480_488_385_384_346_424,47006
257,480_319_293_507_497_427_138_192_513_128_385_199_428_109_454,52223
258,346_454_402_192_170_506_444_186_368_437_534_382_467_148_245,45330
259,286_334_322_291_125_395_168_205_491_447_487_288_454_315_519,55094
260,207_209_185_490_342_128_464_385_195_169_497_491_322_334_304,50164
261,385_216_152_285_431_497_138_466_283_418_322_442_428_185_427,41425
262,388_99_301_452_322_128_484_442_481_312_504_319_334_305_422,51147
263,561_475_442_513_391_389_334_168_287_459_464_138_199_291_451,45103
264,151_285_247_444_446_461_315_195_447_388_286_345_211_254_248,34705
265,418_245_326_488_209_390_289_427_58_498_369_389_248_484_368,42526
266,203_506_96_401_491_241_445_205_467_314_389_287_510_369_128,53464
267,393_470_196_305_492_182_575_291_444_315_345_355_149_216_458,46891
268,452_427_304_58_418_249_513_366_245_484_396_203_172_287_210,46671
269,305_393_250_411_301_459_377_192_249_454_210_334_498_298_427,39466
270,322_101_402_550_445_184_438_481_168_186_575_152_388_384_195,47546
271,192_185_442_301_99_247_431_461_254_488_501_510_470_390_58,43029
272,223_209_125_484_169_366_382_202_182_404_572_326_315_318_431,44531
273,490_247_498_192_314_466_510_374_149_488_308_322_446_396_492,53813
274,254_451_210_305_491_312_101_382_498_389_466_416_185_151_199,41474
275,286_445_212_151_318_307_250_170_422_184_58_203_308_397_529,44725
276,245_393_254_396_484_422_498_438_116_391_367_196_304_452_490,48240
277,116_287_128_366_401_454_101_270_315_428_369_422_303_131_512,43465
278,207_444_314_447_125_355_254_396_366_247_293_308_322_438_377,35199
279,572_401_487_312_301_391_488_285_396_367_467_152_254_512_393,47920
280,304_395_393_401_444_366_369_185_318_397_205_475_447_286_209,38346
281,318_401_389_418_207_382_490_442_416_397_498_395_96_467_519,48499
282,226_510_293_374_446_199_286_172_422_436_395_101_222_475_216,40629
283,404_169_345_470_172_205_459_207_506_416_307_185_384_451_391,44924
284,487_172_313_195_346_377_287_401_185_498_149_510_504_58_418,56454
285,480_411_125_101_506_342_391_491_307_313_148_184_452_572_345,57559
286,510_203_249_125_334_529_355_168_467_287_212_248_106_391_388,48923
287,447_388_402_452_322_384_184_199_101_222_211_188_491_326_389,44523
288,484_168_254_561_393_202_131_314_382_506_446_109_182_304_184,49550
289,188_128_488_498_397_212_314_507_303_109_368_195_192_151_241,45098
290,188_484_475_512_203_305_470_241_428_513_248_487_283_529_298,43881
291,459_458_382_58_519_534_484_529_212_287_304_374_149_397_247,46427
292,366_313_270_168_207_395_322_438_245_314_534_318_131_480_431,44890
293,205_492_374_490_470_384_437_368_101_116_481_444_377_464_504,45266
294,446_501_374_288_391_442_322_345_248_186_202_314_223_507_203,44888
295,550_402_116_99_422_210_416_488_367_312_182_152_96_241_313,45696
296,257_307_404_390_454_431_195_464_488_212_466_254_168_322_285,44029
297,404_461_484_374_416_149_195_223_436_205_437_458_534_447_396,43107
298,437_212_203_512_422_480_454_470_223_418_249_168_445_550_385,43027
299,428_374_459_211_506_241_451_205_207_109_369_148_286_382_203,35392
300,203_223_438_466_464_416_168_301_216_185_575_382_109_247_289,38258
301,437_512_438_210_513_401_186_248_397_289_424_304_384_391_502,42903
302,211_307_534_313_148_355_393_487_312_459_301_506_512_196_346,53866
303,96_170_497_203_223_151_334_254_475_374_298_210_454_529_445,51731
304,491_172_148_291_326_395_212_319_298_503_575_416_196_424_125,47196
305,382_315_314_199_390_298_385_484_427_169_322_534_374_488_445,48044
306,393_404_512_101_148_210_257_196_291_388_424_116_490_377_459,46839
307,96_431_446_481_404_389_428_366_223_502_241_504_572_250_437,46343
308,188_192_388_384_529_305_366_507_128_203_116_461_314_289_369,46227
309,488_368_436_411_301_424_326_314_550_172_431_459_447_151_285,44448
310,148_384_572_318_58_186_345_497_205_501_475_334_249_459_368,57531
311,226_172_438_436_334_451_534_303_207_289_182_313_58_209_168,46607
312,401_561_211_245_481_257_131_377_374_207_304_128_313_428_459,46075
313,368_101_529_152_128_464_307_319_168_172_313_377_466_199_458,39354
314,182_152_447_196_464_402_396_125_249_106_385_301_318_366_397,41672
315,444_513_416_188_305_293_286_207_404_355_257_466_285_209_334,41732
316,490_211_424_116_101_397_291_416_203_461_283_513_504_382_519,50666
317,401_169_490_247_534_186_503_550_459_307_506_203_418_393_116,51353
318,270_254_452_437_424_101_393_289_492_446_481_169_312_283_466,44744
319,313_575_222_96_131_248_507_534_377_250_550_288_355_384_312,45657
320,106_402_286_222_109_444_207_488_319_519_96_396_196_498_287,50815
321,182_308_366_172_466_431_188_452_411_488_170_442_501_186_447,37792
322,205_152_131_534_385_510_480_393_203_254_304_492_502_512_507,44994
323,285_131_245_427_395_416_481_345_438_504_397_106_459_170_241,46422
324,491_480_501_293_431_346_101_534_168_550_148_152_248_438_498,45320
325,534_207_561_241_506_172_382_169_572_374_247_384_199_490_128,44887
326,368_250_459_444_209_184_288_125_377_470_427_185_506_308_355,42654
327,575_452_385_149_288_58_501_168_502_396_561_257_151_196_572,43606
328,393_464_289_424_250_491_390_270_210_411_326_188_498_209_313,42377
329,452_226_480_438_58_519_172_498_503_388_389_446_404_497_270,44387
330,395_451_492_464_304_418_285_442_385_342_202_58_498_210_125,45458
331,503_305_529_169_458_245_561_308_447_207_418_368_397_459_303,45820
332,205_249_437_202_303_506_396_428_287_186_283_444_185_307_203,39347
333,390_461_452_467_550_319_374_152_393_293_470_447_254_216_512,42712
334,550_199_151_481_475_248_467_490_502_395_391_106_374_464_369,45628
335,148_575_199_99_513_245_138_185_454_172_131_287_510_461_211,40294
336,498_148_572_484_438_313_283_96_411_128_149_250_395_529_58,53570
337,170_283_437_393_416_561_374_312_461_131_318_402_345_490_291,48882
338,211_458_497_519_318_355_481_138_209_402_169_466_561_464_418,51071
339,188_366_395_305_319_207_497_196_148_368_396_385_346_199_101,39611
340,385_270_458_438_401_466_445_149_172_506_210_185_384_319_491,50601
341,241_507_503_451_575_466_497_186_491_397_289_519_346_303_355,44603
342,389_572_334_182_550_534_226_212_501_467_99_424_366_382_58,47694
343,287_431_192_561_184_424_254_345_422_416_319_529_512_226_447,49198
344,401_245_283_301_222_454_575_345_170_445_534_431_475_138_312,49790
345,529_395_368_249_488_367_424_287_452_308_396_550_318_131_286,49379
346,492_286_223_288_182_312_458_315_575_388_345_212_151_257_382,43709
347,513_498_342_550_467_182_418_298_345_488_222_116_312_492_391,50752
348,287_369_487_199_254_202_149_437_301_222_101_488_451_446_131,41137
349,513_308_452_416_510_196_459_298_384_192_307_211_437_128_149,42018
350,149_550_250_382_437_418_245_367_203_480_301_395_169_404_257,41259
351,427_561_497_116_188_212_184_249_480_402_484_314_192_291_458,53295
352,312_498_291_131_184_445_241_212_418_466_196_289_287_101_223,38673
353,452_374_203_393_550_368_384_286_185_99_283_152_186_293_519,44604
354,210_301_497_397_395_222_501_285_444_151_270_402_315_424_203,42340
355,254_401_322_492_138_196_418_464_96_431_207_346_169_385_125,46060
356,480_209_428_334_488_396_170_216_185_345_312_390_367_308_202,44106
357,326_245_369_96_491_148_207_301_481_427_451_289_401_319_307,50255
358,431_149_507_346_195_283_286_254_475_367_210_422_250_480_168,41603
359,345_461_212_534_291_391_301_424_250_322_396_222_182_487_288,48194
360,369_326_388_424_396_152_427_318_307_470_223_168_312_283_401,37924
361,203_382_289_186_188_196_241_169_305_313_355_322_151_481_210,35736
362,512_366_270_209_212_298_58_301_447_452_529_101_285_247_561,41883
363,393_506_459_454_461_308_428_211_342_257_507_151_301_202_106,46444
364,369_424_285_125_109_491_315_212_304_445_446_368_529_203_447,42064
365,249_326_303_184_288_475_101_446_149_250_389_138_374_216_355,39102
366,389_393_257_506_447_334_519_404_286_490_291_466_507_199_314,53868
367,315_152_184_301_447_314_464_534_116_205_304_199_270_303_502,42817
368,452_304_152_377_502_249_289_250_182_254_58_427_313_458_529,45172
369,384_196_195_401_291_510_342_207_315_106_257_152_368_454_446,48424
370,254_397_248_209_385_301_366_250_185_249_125_411_384_355_211,29874
371,291_249_186_390_368_170_402_226_326_149_572_510_106_422_322,49446
372,247_210_109_447_366_484_58_304_437_513_424_466_461_534_512,47867
373,285_254_464_428_504_288_442_422_226_151_346_314_182_304_401,45566
374,389_245_397_185_211_116_109_148_285_58_451_534_304_459_481,47188
375,447_445_286_342_397_192_345_529_484_480_249_427_303_131_128,52903
376,451_245_366_529_388_444_490_431_512_438_270_561_390_172_151,44067
377,444_196_451_459_312_446_506_382_519_377_96_488_507_401_138,46639
378,170_475_374_487_319_401_529_368_459_498_308_289_148_207_106,55663
379,384_128_184_247_125_199_205_445_210_498_322_475_116_385_561,47349
380,512_298_202_444_257_293_286_391_393_431_355_389_497_128_374,38958
381,512_393_285_152_561_404_490_458_188_199_334_575_308_196_301,51744
382,216_314_447_192_312_283_288_529_438_369_254_195_285_241_106,40821
383,301_116_385_561_512_245_226_192_241_188_428_388_451_345_287,46121
384,334_438_428_401_116_461_431_288_424_367_298_504_315_389_305,45064
385,451_484_216_288_303_388_250_444_475_390_466_510_131_513_248,41634
386,397_342_288_491_148_506_313_459_480_334_285_561_442_106_226,56575
387,382_211_366_418_519_497_490_96_416_106_446_172_393_491_436,42182
388,314_254_397_507_250_148_58_512_342_202_308_389_442_138_393,48396
389,561_366_319_307_446_128_312_438_575_116_192_254_106_466_503,46954
390,484_131_285_446_397_501_346_192_428_58_298_195_534_257_458,53681
391,534_205_303_459_315_99_447_326_507_291_314_250_481_188_506,41500
392,188_270_466_484_314_367_192_487_199_254_451_210_550_109_513,50940
393,481_382_401_169_550_315_314_308_428_377_427_452_257_250_207,45992
394,291_212_367_534_427_561_368_355_484_109_487_437_223_346_188,49803
395,367_250_58_334_404_384_188_512_418_318_422_283_313_510_257,49618
396,106_182_507_257_390_345_388_488_326_498_395_288_480_342_529,50967
397,385_170_395_286_390_437_498_401_172_377_491_458_431_501_216,42213
398,312_291_385_286_397_507_304_192_519_369_186_313_454_416_322,45649
399,502_106_470_391_498_101_497_395_374_491_286_301_519_138_148,44792
400,185_207_402_484_572_506_315_184_369_148_247_384_313_245_312,46016
401,211_345_303_314_58_152_575_172_404_384_109_490_447_467_550,53016
402,313_346_223_318_186_304_195_345_287_203_384_484_391_442_487,46765
403,418_319_305_203_451_247_502_116_428_131_202_216_58_444_480,45414
404,210_451_345_125_355_169_431_319_257_390_484_519_202_503_315,49959
405,222_503_170_283_169_507_199_346_116_447_411_452_445_367_368,44585
406,422_411_487_424_182_395_203_301_257_458_326_210_451_345_467,42571
407,210_270_168_184_109_384_222_561_319_202_475_502_286_342_427,51267
408,303_209_402_301_152_447_223_572_287_151_454_245_322_475_488,52527
409,466_355_172_451_301_308_199_385_128_96_314_99_374_304_458,35682
410,99_207_131_216_488_384_199_475_502_293_186_188_481_322_367,43798
411,285_212_438_503_149_346_247_318_248_458_418_424_397_431_422,43885
412,502_393_503_464_484_128_431_168_529_285_401_506_245_222_498,59202
413,203_285_250_436_467_374_109_149_470_319_289_170_125_207_445,36783
414,318_442_461_313_445_334_411_467_491_393_416_172_513_484_550,55800
415,550_487_572_368_293_422_334_502_391_241_151_305_388_480_223,48734
416,168_404_245_254_572_285_346_416_334_288_575_444_312_445_109,49206
417,464_241_116_487_382_561_342_397_512_304_437_575_291_513_475,55444
418,519_452_395_355_216_401_502_391_305_404_195_223_196_270_301,42778
419,401_241_437_416_313_148_298_342_506_185_109_369_504_396_388,51396
420,369_223_205_184_534_289_368_209_248_312_377_286_572_319_301,34825
421,308_199_192_390_389_293_561_185_575_116_385_397_512_334_416,44840
422,490_285_444_374_305_270_195_442_283_101_149_575_502_313_99,42673
423,196_184_497_249_211_368_172_428_182_447_458_303_192_519_438,37334
424,534_216_497_254_397_411_427_116_101_109_470_385_286_488_283,42518
425,212_503_303_203_464_572_388_99_149_451_384_367_254_452_422,43184
426,384_101_205_223_148_388_226_466_464_444_507_513_58_395_446,38443
427,168_497_149_382_334_475_393_401_148_345_195_96_487_172_307,46997
428,345_209_288_467_355_152_128_313_248_534_241_149_125_411_169,42997
429,207_205_424_402_312_498_464_575_446_99_452_382_445_366_257,36620
430,480_202_367_487_492_464_195_454_418_283_185_116_151_497_366,46249
431,428_116_501_382_488_303_285_385_445_58_203_484_291_286_184,45954
432,438_393_210_149_503_182_502_248_288_424_319_346_58_501_109,46997
433,464_397_437_101_305_369_322_315_367_575_458_257_488_192_209,45913
434,345_210_401_205_223_512_431_128_458_247_293_506_397_315_312,43108
435,106_205_315_288_377_424_185_308_446_289_293_334_326_492_307,46043
436,487_307_452_247_169_461_322_367_390_248_254_428_195_484_389,44697
437,304_283_502_305_286_185_313_172_257_149_192_322_385_488_152,34428
438,202_247_149_397_125_461_418_212_502_481_424_534_170_395_131,42874
439,314_366_487_454_397_497_247_106_428_116_283_168_503_507_422,57515
440,529_504_345_288_480_241_396_366_223_436_245_195_416_442_464,44653
441,169_202_437_314_301_106_452_304_205_203_172_442_313_109_446,33026
442,422_467_395_128_313_446_109_209_367_391_248_550_507_388_168,44717
443,109_326_223_502_128_451_148_355_467_58_385_395_390_291_199,44597
444,312_211_99_247_96_529_395_151_245_318_283_480_131_184_212,38152
445,298_195_454_452_438_192_241_393_390_458_248_170_461_185_116,36469
446,391_116_390_151_212_368_226_534_195_355_184_148_395_346_416,36327
447,480_385_401_470_510_366_318_106_438_170_289_436_168_169_151,45632
448,480_106_404_491_401_561_288_451_431_322_461_209_464_369_490,48932
449,452_345_291_475_346_304_270_404_444_401_168_288_195_286_226,38674
450,304_467_428_186_313_270_384_492_131_226_389_512_210_497_168,55954
451,345_369_391_205_428_254_438_125_285_247_287_397_308_101_209,33578
452,293_575_318_106_504_138_314_186_367_561_303_369_422_125_289,38154
453,369_207_109_58_303_182_289_96_313_512_185_346_254_131_196,34813
454,385_285_101_318_288_172_504_534_503_491_437_418_393_428_427,53388
455,501_249_488_334_385_305_418_401_384_101_192_131_519_148_138,47616
456,422_250_101_223_572_318_151_459_202_106_470_501_446_116_301,47048
457,402_305_188_368_293_345_487_195_203_445_507_170_492_550_458,50088
458,396_519_247_303_128_382_186_170_503_291_304_436_502_506_248,43639
459,322_384_458_393_283_248_503_342_459_210_195_534_106_308_454,52346
460,288_427_502_58_377_319_287_470_503_270_436_437_442_207_195,43758
461,211_444_192_396_411_308_125_374_470_529_454_490_488_291_307,46717
462,384_374_116_305_401_575_168_151_312_459_391_149_314_355_303,39608
463,418_346_396_211_298_488_195_487_422_512_510_470_138_454_293,47163
464,211_342_572_286_442_431_334_384_293_313_291_575_487_326_390,45578
465,470_377_203_519_395_226_454_452_451_312_207_289_334_397_444,41893
466,464_446_283_466_184_202_291_169_480_305_454_355_442_313_196,37688
467,506_314_303_216_396_58_249_404_304_452_454_116_210_248_447,43651
468,307_377_561_424_402_374_488_209_418_451_270_192_492_211_293,41126
469,444_411_427_334_222_152_345_446_342_314_377_291_461_510_475,50860
470,249_210_128_207_502_447_428_196_312_247_326_490_169_422_109,37458
471,424_313_212_116_488_487_209_188_304_314_561_99_502_211_288,40692
472,501_504_368_283_287_202_428_249_402_270_291_458_498_308_322,47709
473,390_182_451_464_58_314_149_490_519_313_315_402_312_334_422,50107
474,484_459_461_506_211_286_247_418_377_248_436_250_503_172_445,45337
475,106_210_169_510_223_293_304_131_307_291_396_254_195_488_346,42749
476,334_270_411_437_149_459_313_575_312_501_168_395_308_389_196,52421
477,422_285_286_377_452_497_298_211_427_447_466_202_385_58_319,39518
478,488_288_151_367_116_245_152_185_484_313_428_223_303_247_396,49917
479,507_199_314_395_422_503_345_196_447_283_250_428_470_510_512,46417
480,212_385_291_442_169_481_245_223_355_293_438_506_519_319_446,46632
481,512_334_96_342_250_286_169_223_481_451_58_501_128_480_416,48593
482,411_504_286_404_199_318_287_501_169_195_488_446_58_313_192,42968
483,459_249_168_519_418_388_369_116_458_377_248_374_492_444_401,39703
484,101_247_402_298_561_393_384_248_241_442_411_397_184_396_254,37840
485,374_431_226_366_411_452_427_466_199_561_169_99_442_222_451,29801
486,301_96_109_199_125_209_561_291_467_151_307_437_480_152_202,42253
487,475_397_454_188_318_396_170_298_461_138_308_185_314_247_205,44829
488,369_334_466_502_444_169_393_431_390_467_313_245_283_445_326,43096
489,301_427_151_575_346_326_416_512_322_303_464_513_470_315_369,44137
490,382_293_484_288_254_203_109_168_374_424_452_148_355_185_285,40574
491,184_248_404_506_245_318_196_109_388_519_270_293_390_326_116,43189
492,484_504_128_442_464_437_304_503_188_289_216_203_445_431_168,46121
493,305_209_384_385_416_395_503_431_451_322_534_202_334_444_377,51341
494,289_513_345_464_223_245_467_298_205_308_196_185_487_184_182,41471
495,307_534_438_216_461_250_504_401_101_436_345_393_475_389_503,49484
496,212_401_172_437_454_459_438_464_304_395_293_148_307_315_507,37824
497,245_484_184_384_149_298_283_226_168_467_304_195_504_152_395,44611
498,286_397_459_507_301_96_442_480_313_151_226_488_382_396_248,54409
499,377_418_199_148_289_203_250_575_192_305_481_182_452_491_312,43576
500,182_504_390_502_445_444_368_168_334_210_289_422_442_459_223,46682
501,301_504_507_151_481_458_561_106_303_438_501_170_366_346_203,49863
502,396_416_451_151_431_185_210_249_312_149_519_467_131_369_506,43615
503,391_210_245_270_109_288_550_345_507_369_389_488_461_314_442,49014
504,212_446_458_346_424_58_196_488_447_250_397_506_138_304_498,49282
505,438_283_397_254_384_168_211_377_487_188_369_106_293_368_436,41259
506,209_424_58_318_195_454_305_513_572_388_342_393_504_116_377,53748
507,216_186_418_561_131_301_334_257_101_461_382_389_431_342_196,43994
508,125_226_428_293_172_287_346_519_207_404_446_245_334_422_305,45607
509,203_291_168_313_303_342_288_402_461_389_298_149_384_382_484,45315
510,396_438_484_212_481_334_216_195_315_507_345_169_488_186_467,58294
511,391_534_369_501_451_101_205_223_116_572_293_209_211_298_447,46537
512,488_461_334_490_512_427_404_182_186_481_128_572_207_286_390,50747
513,116_319_501_293_487_355_286_151_196_452_185_510_205_427_451,50565
514,384_304_427_207_128_305_96_367_374_389_444_491_247_249_484,44568
515,534_182_447_437_397_298_342_382_503_223_241_334_212_519_492,51060
516,172_289_475_550_355_454_416_315_390_286_168_149_470_397_503,52783
517,152_391_304_211_305_125_467_188_512_226_286_382_368_501_369,43652
518,250_223_470_491_304_572_504_368_436_452_322_96_319_334_285,53756
519,222_101_216_286_491_96_458_304_257_487_314_452_475_355_106,43542
520,254_125_428_502_151_149_384_397_318_303_319_418_288_401_497,43637
521,125_498_319_116_487_464_308_202_346_223_210_388_475_427_437,53175
522,438_401_298_303_286_96_182_519_431_326_322_202_319_172_481,43125
523,312_301_101_388_192_303_501_411_355_307_447_431_442_188_109,38465
524,480_308_488_504_148_510_322_170_319_250_245_411_152_444_470,49320
525,437_369_391_467_319_366_138_452_257_186_184_210_367_149_188,34308
526,402_245_484_367_464_345_149_418_442_395_447_185_512_428_109,44951
527,459_184_385_270_391_510_498_241_452_312_216_561_346_355_416,43692
528,101_446_575_503_223_501_488_442_388_211_291_196_342_318_99,42915
529,109_314_298_401_506_388_151_342_422_283_480_169_188_101_384,50413
530,203_529_288_182_572_315_484_223_454_226_307_446_550_519_402,50828
531,575_322_411_391_196_248_199_116_195_216_437_287_377_96_561,43563
532,319_345_199_470_480_575_101_393_389_458_184_223_367_397_484,49925
533,470_437_393_396_209_466_424_401_106_519_138_148_192_346_283,44434
534,169_401_196_209_452_211_182_106_301_492_384_283_513_247_490,45280
535,216_149_459_438_369_293_385_99_199_248_307_170_461_484_152,40086
536,402_534_305_202_207_369_488_192_498_507_186_385_366_459_490,50949
537,575_393_249_416_497_345_301_396_498_377_384_454_346_334_507,46447
538,470_501_101_291_99_312_550_467_411_257_424_404_212_488_401,46542
539,58_382_491_216_149_504_513_182_125_550_388_203_466_205_519,49856
540,184_313_451_507_534_411_170_424_501_391_491_428_442_172_461,47053
541,148_247_384_168_249_393_428_313_561_367_184_490_451_390_314,48195
542,223_196_467_188_322_464_377_109_203_431_466_374_334_427_444,41762
543,424_395_322_475_445_293_58_287_504_355_436_106_498_270_304,51469
544,475_467_345_480_445_185_128_288_250_451_529_447_346_226_211,45996
545,241_203_106_411_186_487_202_513_128_172_497_377_431_490_484,42092
546,211_498_487_249_99_491_454_437_209_550_396_366_149_257_382,45345
547,211_305_210_480_503_96_286_308_249_128_401_257_222_315_245,36000
548,445_148_101_436_572_184_222_314_169_388_58_334_195_490_447,51865
549,490_199_492_307_216_431_428_497_402_345_185_303_184_436_575,43951
550,487_202_211_298_313_188_575_315_322_377_506_99_186_374_291,40669
551,209_388_207_182_459_519_550_461_444_534_498_222_393_397_170,39093
552,475_575_427_504_270_447_454_192_418_446_305_513_561_247_195,43743
553,101_461_502_389_307_390_287_529_377_319_401_506_226_203_109,49639
554,390_442_391_151_212_170_96_503_298_312_438_138_452_254_368,40547
555,367_507_454_313_445_512_170_501_492_397_291_199_245_502_196,49320
556,303_445_464_288_470_355_250_454_442_207_507_151_298_211_287,40073
557,286_466_250_484_498_475_368_182_289_572_322_575_507_487_391,48610
558,205_366_303_322_288_248_395_561_389_128_212_286_334_319_513,43712
559,464_172_491_287_529_481_226_304_270_502_298_318_222_366_575,48351
560,314_216_487_304_99_148_404_534_446_289_334_301_257_125_484,51004
561,490_106_195_247_304_245_395_488_461_322_466_250_149_199_452,40688
562,369_109_305_298_510_199_128_248_250_561_254_226_202_131_442,36703
563,503_116_452_393_96_366_283_342_185_487_427_475_458_315_497,54614
564,355_285_289_250_216_149_492_575_170_345_184_390_305_241_196,34702
565,488_199_315_184_519_490_192_131_172_128_151_366_422_203_424,37353
566,151_186_452_313_464_492_396_170_207_210_397_504_293_216_195,49198
567,454_446_192_241_395_503_212_512_151_385_298_366_149_451_209,44536
568,504_308_512_452_307_202_458_312_446_385_283_459_125_186_402,39943
569,454_438_384_303_346_304_101_502_195_254_402_395_148_368_466,41048
570,510_422_503_534_289_301_168_195_211_561_307_452_461_437_438,50024
571,151_366_391_446_572_169_416_475_454_438_212_286_355_152_501,45303
572,391_368_475_250_466_202_388_247_149_377_199_96_186_464_404,32231
573,291_367_270_192_109_452_172_216_223_402_151_475_451_99_512,46011
574,466_334_285_291_184_169_498_487_402_459_436_490_322_446_128,49694
575,513_498_510_247_461_346_99_447_475_319_298_245_96_254_382,43717
576,402_172_452_184_470_512_288_519_202_395_503_418_529_286_303,49851
577,367_442_131_459_436_389_168_384_222_368_202_106_205_355_257,34568
578,512_466_395_289_428_444_270_314_283_346_192_304_334_285_506,48694
579,304_401_431_490_199_507_390_575_446_312_404_436_152_437_192,47341
580,212_199_572_445_447_96_319_301_454_467_298_304_149_241_355,39375
581,312_211_248_151_422_109_152_289_116_572_315_501_138_285_481,40144
582,248_308_497_301_550_519_404_487_480_203_101_446_369_291_367,42749
583,257_222_513_451_285_466_109_481_395_498_182_388_250_245_416,43014
584,307_289_550_442_116_391_149_151_170_248_458_404_293_437_397,44071
585,149_334_396_226_355_249_305_308_502_170_182_301_481_519_402,49454
586,458_355_497_184_291_249_182_318_384_334_466_470_109_195_484,52794
587,223_402_504_138_366_561_436_422_182_384_491_388_464_484_488,52365
588,293_550_464_506_223_345_313_99_369_436_196_402_247_289_438,44361
589,199_125_397_286_390_572_427_182_504_245_249_287_451_223_367,46872
590,308_202_168_391_497_286_319_438_305_270_385_138_480_481_223,47688
591,304_438_427_168_196_481_96_169_185_416_458_475_313_561_241,47502
592,58_148_170_304_101_99_216_283_503_467_488_466_312_389_248,40491
593,128_308_109_382_188_368_491_411_184_422_168_270_416_467_293,38635
594,241_308_461_384_502_288_109_402_314_116_301_506_382_131_305,45350
595,366_185_396_152_226_368_314_195_422_342_304_182_308_298_401,42911
596,388_504_444_223_345_438_475_241_326_384_445_286_461_355_382,41678
597,286_172_355_466_303_285_298_202_125_391_270_427_149_305_326,38483
598,109_436_491_116_257_307_304_216_334_404_572_202_488_172_319,47669
599,466_534_212_99_308_490_131_203_459_257_192_529_368_202_492,40475
600,209_411_464_322_226_366_106_497_513_561_315_247_216_382_291,44434
601,247_305_506_138_342_184_501_210_445_507_458_510_223_418_550,53908
602,152_125_303_209_395_58_319_226_367_502_148_427_250_257_286,41887
603,480_502_418_254_391_170_257_491_389_447_367_249_437_326_288,43168
604,411_507_397_377_131_303_480_503_288_247_355_305_368_470_369,42470
605,510_199_106_502_513_182_289_475_304_209_575_248_298_355_444,47918
606,402_510_223_125_186_195_248_196_169_393_270_575_401_427_322,43322
607,293_313_195_561_459_211_326_436_418_452_491_106_182_222_487,48452
608,519_504_442_326_484_480_368_172_185_287_464_222_461_401_431,53187
609,291_257_561_481_308_247_487_254_313_101_303_475_312_138_151,44790
610,101_248_188_138_470_315_366_211_384_374_411_257_195_506_438,41104
611,248_315_346_116_334_318_442_182_395_444_96_355_216_470_393,41866
612,312_512_442_396_58_390_411_326_308_205_374_382_446_291_222,40244
613,322_504_391_172_319_182_369_116_205_436_519_388_326_490_424,45964
614,249_210_199_388_529_106_368_572_131_346_436_502_291_534_172,44156
615,241_442_283_367_315_470_308_209_345_374_502_388_196_247_501,35641
616,402_304_428_488_254_223_148_99_510_519_196_303_501_461_454,49021
617,168_210_513_287_319_291_512_454_459_366_418_196_312_245_342,40170
618,451_149_382_304_342_497_452_484_385_504_326_501_575_168_195,54704
619,422_475_184_223_550_572_209_342_216_492_382_287_202_397_211,47414
620,345_561_125_101_382_116_109_151_488_289_438_464_303_184_436,42978
621,109_58_151_254_287_519_451_367_192_498_203_207_326_312_322,49129
622,369_138_368_106_248_484_202_480_152_572_459_314_298_226_151,40383
623,250_148_385_487_101_254_389_207_241_209_326_366_575_513_534,45748
624,172_367_513_475_245_298_289_314_222_106_326_151_202_458_301,41027
625,293_287_319_247_318_248_58_431_391_502_131_241_288_418_447,42266
626,212_342_151_502_195_192_488_428_416_389_184_510_101_222_368,43482
627,491_490_151_475_305_308_366_377_452_418_445_286_196_510_152,47806
628,424_209_451_250_454_396_498_428_334_404_223_245_447_148_492,48986
629,182_172_312_319_209_575_293_315_106_345_367_287_192_428_241,38686
630,334_369_454_503_519_447_287_138_384_497_304_404_424_182_346,53032
631,402_304_464_106_182_411_209_491_289_506_199_301_116_99_342,50129
632,393_534_99_223_451_442_452_367_286_470_389_497_513_396_312,43205
633,188_519_404_428_101_488_58_484_492_186_451_388_195_211_216,45817
634,366_202_304_131_391_312_99_507_401_475_575_172_182_314_458,47994
635,106_270_58_481_250_470_170_254_451_209_288_99_492_293_401,45563
636,389_312_497_422_287_314_393_572_346_575_444_307_283_442_534,37707
637,207_212_322_169_248_148_502_397_216_210_366_128_291_470_458,46483
638,418_289_424_257_377_575_452_298_212_196_314_431_254_172_404,41739
639,301_422_534_99_427_257_291_442_438_96_287_293_308_109_464,37837
640,401_318_203_313_116_501_288_454_342_248_172_436_254_447_389,51869
641,401_366_318_459_298_99_304_498_192_503_223_128_484_286_384,54268
642,304_223_250_318_512_212_312_374_402_416_211_424_390_109_393,42070
643,345_186_195_211_534_391_101_247_212_504_488_416_459_205_519,43025
644,305_185_287_454_431_488_226_502_507_396_480_369_491_492_209,48925
645,446_196_475_436_131_148_385_151_192_241_497_249_172_501_254,40345
646,454_125_422_396_210_131_211_312_342_308_572_488_289_404_313,51807
647,151_502_334_390_416_382_397_58_250_199_304_437_298_513_395,49912
648,374_513_422_125_459_318_395_128_444_397_481_366_427_438_396,37202
649,467_401_458_369_245_384_451_289_416_475_301_507_404_223_422,40012
650,313_58_374_510_248_322_257_550_241_442_390_305_475_205_195,47989
651,492_411_346_250_447_502_125_285_385_501_438_480_488_461_222,41154
652,390_245_397_368_254_203_247_195_313_529_454_212_416_466_170,36779
653,188_447_203_503_182_431_427_346_461_458_226_470_389_304_151,39965
654,291_305_504_223_205_202_307_313_418_513_172_195_355_241_345,35952
655,422_216_313_411_318_186_149_326_345_298_385_314_507_490_58,49668
656,289_461_506_334_481_451_491_436_308_318_395_304_512_447_484,51209
657,575_345_196_442_366_250_211_427_308_513_428_401_454_367_307,41469
658,395_307_288_184_245_182_207_149_502_249_445_447_377_424_99,42169
659,288_286_199_96_313_250_196_377_490_512_125_270_326_334_303,46238
660,287_151_308_223_210_207_322_216_226_148_451_484_393_303_184,38453
661,209_223_226_416_451_283_391_366_504_427_388_467_205_475_428,42321
662,382_377_195_223_314_184_431_312_99_291_211_438_355_313_109,33471
663,257_561_519_501_291_326_226_389_209_447_395_247_99_512_168,55015
664,184_211_447_396_308_510_182_222_196_390_384_438_369_151_138,39692
665,96_534_458_293_366_501_464_404_195_418_480_519_131_312_368,45398
666,58_249_128_345_199_312_366_490_491_301_195_342_182_503_308,40456
667,445_513_424_250_199_502_401_488_397_481_368_58_322_391_427,45040
668,131_384_152_315_170_447_451_484_182_572_503_529_101_312_195,53665
669,490_491_424_223_168_245_438_461_503_510_298_355_301_401_172,48894
670,109_444_254_503_250_550_452_431_428_211_377_561_418_458_466,39079
671,345_270_287_101_169_367_550_498_326_510_226_283_116_377_318,44336
672,504_512_467_182_283_116_168_326_346_293_185_534_96_503_202,55720
673,369_248_446_389_188_322_298_223_205_510_195_192_438_451_222,41802
674,355_151_202_488_502_504_575_283_326_131_427_458_416_334_437,55235
675,99_384_303_428_314_452_382_106_368_575_319_484_216_491_247,52702
676,492_484_254_303_506_377_513_402_116_216_106_475_58_211_480,45060
677,503_382_210_226_510_498_285_428_99_422_287_390_241_492_106,46794
678,109_116_464_195_480_241_345_461_199_285_222_305_507_575_487,46989
679,461_513_389_313_431_512_391_222_404_452_318_211_393_534_151,47221
680,369_345_303_384_437_507_475_492_447_199_186_305_458_459_502,48519
681,151_249_319_497_184_422_390_487_322_257_288_404_285_418_287,46917
682,285_534_492_377_128_257_131_249_484_223_393_510_169_283_346,49704
683,368_382_152_342_241_466_404_501_212_207_289_384_188_210_216,41526
684,490_226_293_484_459_561_287_188_283_572_355_291_257_326_451,45891
685,506_307_447_442_283_212_152_475_315_326_529_401_312_182_308,43763
686,203_314_575_355_192_519_186_128_492_342_446_270_512_367_384,57927
687,346_303_314_184_451_312_487_285_188_254_125_195_211_151_401,45612
688,427_288_291_99_491_185_315_312_222_184_202_210_319_377_385,39848
689,534_487_382_128_203_195_315_438_326_106_497_575_209_422_125,48127
690,382_184_422_151_250_393_467_480_286_445_205_481_402_248_367,41288
691,389_487_223_513_475_404_192_510_402_286_444_346_424_148_334,52193
692,307_303_319_125_418_247_172_345_498_497_446_506_390_305_459,46343
693,222_513_507_397_304_367_384_464_101_308_184_374_152_490_366,44131
694,210_512_319_487_459_345_550_313_389_385_168_369_96_170_355,51044
695,185_318_369_152_504_247_222_334_572_298_58_366_289_131_382,43643
696,355_390_422_575_444_466_510_172_203_424_125_312_498_369_101,41448
697,283_492_368_416_550_498_346_461_444_326_315_184_480_99_382,51528
698,504_313_96_369_488_334_131_288_202_285_58_389_446_484_404,54255
699,248_503_550_319_561_507_428_446_315_116_575_481_452_99_502,46903
700,322_209_447_199_374_475_452_172_393_304_152_195_168_283_289,39634
701,223_467_550_287_250_205_480_534_427_512_384_199_572_315_487,60404
702,334_458_519_550_445_389_99_504_195_442_196_506_451_355_374,44274
703,254_289_366_436_186_222_286_575_304_368_404_385_411_452_572,42389
704,504_401_169_211_248_393_289_305_507_487_431_249_475_58_550,51223
705,172_101_99_437_490_561_298_334_313_216_283_384_442_346_438,51318
706,116_452_188_397_101_436_345_106_470_388_285_270_391_109_286,36568
707,195_293_308_490_461_346_212_313_169_367_388_501_390_396_503,40119
708,207_307_519_223_411_318_188_451_367_170_447_442_250_436_168,40064
709,355_270_148_561_184_512_285_575_416_216_431_401_490_459_487,52359
710,497_428_444_184_257_138_461_283_388_168_402_464_454_437_248,39616
711,152_313_416_254_211_148_149_249_291_534_491_382_312_447_481,47454
712,226_506_312_529_152_418_395_497_355_401_96_464_313_374_416,51168
713,270_389_151_393_318_298_572_301_467_101_203_116_369_192_445,48438
714,307_106_196_510_202_101_389_285_209_326_313_138_182_422_512,39600
715,226_301_384_248_245_319_491_466_308_504_498_377_288_186_510,53702
716,283_452_301_149_188_313_285_502_445_170_575_506_501_431_368,48885
717,427_116_301_109_226_205_461_366_501_402_287_148_401_438_169,46225
718,454_216_442_334_207_149_534_390_402_418_305_346_257_131_308,45310
719,303_301_207_241_447_507_492_250_442_152_501_249_138_402_96,41380
720,428_301_451_431_202_404_454_490_210_342_501_382_248_128_168,46758
721,513_411_519_285_334_503_318_254_390_286_298_307_428_303_289,48742
722,490_497_345_293_287_304_254_192_504_283_506_185_411_475_322,45201
723,470_109_334_480_116_291_170_374_451_427_490_286_96_575_452,50033
724,390_101_510_205_481_223_416_185_312_384_289_490_446_550_196,47047
725,442_116_303_452_475_389_382_216_437_247_451_368_291_203_185,38751
726,149_484_401_388_572_293_185_58_561_512_431_487_131_285_205,55337
727,388_270_389_186_487_241_501_101_424_149_116_454_374_504_534,46319
728,384_128_447_506_222_404_488_461_186_250_226_286_334_342_248,49192
729,342_444_226_377_397_382_210_369_203_249_416_487_395_512_223,40515
730,487_182_424_210_298_464_534_195_461_241_199_205_444_254_169,39803
731,186_438_451_199_367_368_345_442_289_223_389_458_431_507_377,34091
732,366_304_484_345_207_319_464_436_203_216_411_288_192_396_298,40908
733,388_96_572_550_254_288_512_305_151_382_427_367_212_283_451,47135
734,149_184_346_427_428_210_101_288_285_170_488_501_245_447_572,43745
735,491_497_250_507_285_389_345_318_202_270_288_342_427_249_529,49099
736,377_382_451_498_285_506_109_182_247_501_303_367_436_447_96,44528
737,427_529_304_377_503_247_506_131_382_222_128_510_223_301_314,49888
738,491_270_475_287_367_247_286_529_250_210_368_466_326_192_152,49714
739,170_452_185_322_498_109_459_172_575_431_270_212_96_480_216,43856
740,99_395_303_207_481_247_116_404_199_447_374_319_196_222_192,43142
741,322_287_401_307_503_99_512_192_572_109_203_293_96_464_492,50636
742,504_442_152_402_286_211_391_480_151_502_138_369_467_451_422,43051
743,431_101_131_291_461_428_404_345_342_384_447_459_475_249_184,44229
744,257_318_445_490_503_467_223_507_211_186_312_207_501_216_247,41521
745,491_312_210_131_501_116_287_184_109_445_575_444_303_480_212,39989
746,444_388_303_216_369_308_226_475_205_355_424_368_285_322_96,37701
747,241_447_346_128_461_388_308_254_492_222_319_512_428_318_382,45825
748,501_458_497_427_151_182_241_101_313_293_192_226_488_424_384,49289
749,377_385_397_395_411_504_207_210_184_382_307_318_109_519_501,46063
750,401_287_308_170_148_503_149_291_454_444_226_288_416_169_464,40144
751,466_106_313_101_216_288_303_286_291_184_247_125_307_451_212,33422
752,561_184_304_458_424_199_444_289_427_168_512_241_396_393_490,48895
753,304_461_459_458_550_501_442_404_301_245_366_427_186_374_184,42551
754,393_444_169_501_458_285_270_396_529_388_461_447_503_307_437,42382
755,369_291_184_303_428_185_315_192_212_534_99_416_149_507_355,42161
756,507_377_502_188_286_247_446_401_203_287_101_314_451_148_424,46980
757,211_355_308_513_254_195_490_207_416_303_534_301_222_389_322,45430
758,192_334_289_487_459_401_385_247_367_101_283_149_313_318_388,48648
759,492_480_226_195_203_301_355_390_447_116_109_401_212_196_314,46559
760,513_502_312_470_366_131_148_254_466_342_257_529_241_315_368,48100
761,315_216_188_572_484_422_498_182_402_390_248_185_561_388_367,41950
762,368_510_431_374_534_319_322_396_211_116_484_286_207_575_96,50512
763,283_307_519_388_424_374_501_185_367_490_170_404_298_313_385,40381
764,575_128_480_510_326_411_211_257_422_504_304_291_572_389_151,53266
765,492_480_303_314_257_385_384_149_506_446_424_209_312_512_501,47641
766,99_322_451_428_205_203_202_418_391_293_529_561_148_470_502,53583
767,247_293_367_254_575_377_312_393_257_196_401_391_466_222_148,36493
768,109_487_561_382_303_390_454_366_149_428_411_389_205_334_212,52141
769,326_461_212_506_308_307_454_250_170_382_444_384_304_488_125,46574
770,305_442_436_101_503_245_396_226_131_211_368_452_322_298_459,44669
771,396_209_205_131_319_293_427_245_168_199_452_248_504_322_475,47097
772,202_192_307_270_207_222_550_304_205_283_513_402_314_116_385,41446
773,491_374_481_257_458_529_58_314_444_285_512_196_510_391_109,54569
774,285_487_470_168_446_464_467_241_466_437_257_288_151_303_131,44041
775,212_205_396_385_445_182_369_491_534_109_303_250_427_148_470,46839
776,487_418_205_459_326_322_458_172_286_185_211_168_304_303_346,42176
777,402_216_308_313_131_575_125_390_334_101_534_210_393_106_428,48439
778,428_315_298_293_101_125_210_382_492_490_451_377_96_116_488,38175
779,504_195_301_106_431_308_293_211_395_202_501_391_322_422_186,46324
780,207_285_212_366_249_437_185_307_492_452_184_503_416_241_270,38420
781,459_209_283_172_319_470_492_312_451_404_247_151_334_464_396,52189
782,188_377_301_152_397_367_245_293_106_366_391_506_445_254_498,42599
783,116_504_428_131_444_170_109_257_152_196_501_502_125_182_301,38811
784,424_384_451_285_322_334_128_188_411_346_106_397_298_287_388,44085
785,488_507_550_289_502_534_454_151_326_575_209_58_270_464_384,55707
786,205_416_534_377_138_149_312_99_319_503_502_444_334_270_424,49624
787,345_519_487_291_575_436_305_512_342_422_250_289_461_397_101,52053
788,209_192_315_470_550_298_393_288_467_389_382_385_149_182_445,41733
789,210_393_170_390_442_109_345_303_168_184_326_226_293_346_416,38279
790,205_314_424_461_506_222_342_58_289_247_101_502_346_484_202,49178
791,444_58_241_172_168_446_334_250_461_393_99_438_293_466_304,41878
792,247_470_170_289_467_128_254_385_444_326_288_374_395_369_152,37824
793,202_491_437_319_289_416_404_504_470_125_488_241_458_366_312,52966
794,326_291_270_481_368_314_503_257_283_572_151_170_404_396_303,49104
795,389_390_442_212_109_452_467_248_342_529_346_487_369_492_188,43073
796,481_196_209_390_366_250_346_186_492_131_96_510_207_270_116,35658
797,222_223_534_314_195_116_307_481_418_507_313_101_106_458_497,46694
798,185_504_270_101_99_422_106_249_475_298_411_404_308_470_466,44177
799,99_169_492_510_202_106_247_393_466_223_395_96_487_504_445,50177
800,345_497_199_466_501_374_185_241_293_289_396_437_216_286_305,42839
801,195_186_249_172_436_464_498_168_131_401_319_199_422_458_245,40653
802,216_384_488_305_186_470_446_257_461_572_318_529_342_464_395,53226
803,188_106_291_148_125_367_512_342_385_391_304_128_504_116_507,38435
804,384_572_466_289_437_212_497_287_249_293_491_109_315_131_367,47317
805,389_561_388_416_106_226_512_501_427_315_209_182_342_286_223,52453
806,291_572_346_377_446_390_151_503_319_138_303_101_287_366_512,46355
807,519_312_247_250_342_444_334_447_397_490_128_125_561_99_211,48129
808,396_498_437_492_422_502_388_431_529_184_550_195_245_438_484,49035
809,397_345_488_196_99_184_307_389_402_382_436_504_445_550_395,49638
810,185_459_312_58_529_285_466_326_382_447_503_138_125_291_390,47566
811,459_203_384_305_431_437_391_346_572_424_506_106_470_369_293,43891
812,451_506_192_427_312_308_428_216_418_481_454_391_480_172_303,45468
813,226_319_199_249_503_484_395_247_168_170_438_393_291_442_367,45974
814,248_442_484_131_497_205_209_182_467_402_287_199_572_249_504,51705
815,286_388_444_186_504_313_502_101_436_454_210_211_385_182_207,45096
816,377_506_202_216_366_454_318_374_447_312_151_497_207_442_168,40236
817,315_452_491_58_431_572_168_304_510_312_466_182_346_382_506,53076
818,454_287_427_308_507_326_512_245_149_289_250_307_170_185_345,42480
819,416_534_464_444_418_388_480_368_475_315_447_572_466_308_223,43663
820,207_226_212_490_216_452_288_248_418_286_503_437_561_550_303,44266
821,345_149_199_128_342_182_170_293_428_315_451_222_369_418_498,41490
822,502_461_402_451_334_116_488_503_289_250_369_377_490_459_287,37961
823,334_172_195_510_270_301_205_313_257_490_322_241_288_436_382,51598
824,58_106_368_168_385_245_315_287_401_390_507_492_289_572_99,46678
825,382_422_211_454_418_393_128_467_116_298_504_481_484_207_96,49709
826,249_202_149_431_285_575_195_101_572_561_257_209_506_427_529,43647
827,226_212_318_247_58_99_444_109_467_437_451_254_184_185_424,37000
828,374_404_318_245_212_169_401_492_424_222_345_454_497_307_416,46627
829,138_397_388_248_289_461_447_506_345_390_99_512_492_355_188,42746
830,401_502_298_319_396_205_211_446_291_188_510_464_424_184_451,46991
831,529_254_149_498_298_203_304_459_192_447_390_501_138_322_388,52133
832,513_138_502_319_444_393_152_374_438_422_303_481_397_428_270,44002
833,466_152_289_464_270_390_248_512_377_101_561_404_308_481_298,42360
834,369_389_382_96_416_550_424_510_101_205_401_188_289_442_475,42347
835,390_502_312_487_382_402_319_404_257_454_438_391_507_503_427,45336
836,184_169_205_444_301_402_216_286_319_152_116_148_401_464_346,39148
837,458_401_250_466_467_202_182_151_377_367_152_125_58_452_389,30705
838,466_196_401_342_182_437_475_248_289_422_529_480_366_223_506,51963
839,286_374_501_466_402_507_202_304_445_315_461_169_125_212_58,49884
840,345_322_484_202_288_152_572_245_492_226_401_377_131_312_216,43512
841,492_287_513_192_99_397_529_319_458_172_241_575_257_210_395,54994
842,424_428_507_444_226_345_355_389_382_192_447_459_286_481_390,40006
843,393_459_452_315_367_467_172_318_312_498_301_424_507_427_254,45161
844,513_497_550_116_504_216_249_451_131_192_96_506_404_385_512,49748
845,342_397_212_241_128_510_291_422_388_428_186_138_458_480_288,49500
846,366_369_492_307_303_459_152_101_326_170_484_298_172_428_313,43829
847,431_484_293_487_249_428_312_283_401_506_550_502_458_490_345,45280
848,418_397_313_58_205_467_322_422_366_501_106_436_396_492_431,47092
849,427_445_355_195_402_510_366_109_298_216_397_313_188_169_504,50931
850,550_411_148_504_248_106_519_510_169_203_99_497_389_484_422,54421
851,305_250_447_436_125_418_257_470_223_561_222_491_575_513_245,46535
852,513_512_106_464_487_561_184_438_395_490_388_151_149_207_396,46530
853,431_342_452_149_377_437_395_202_480_466_550_572_451_390_203,38692
854,149_346_519_285_444_475_286_428_451_304_490_503_195_308_502,44673
855,512_510_169_202_506_99_346_384_151_436_195_428_452_368_186,44039
856,307_480_454_151_501_186_491_490_513_257_519_374_451_305_393,50262
857,315_402_101_334_345_128_308_195_377_461_248_529_444_503_491,55022
858,458_454_396_345_249_203_366_241_226_466_289_561_96_195_418,37129
859,303_411_498_404_402_58_186_390_504_287_211_170_418_503_346,48927
860,377_491_507_395_138_488_101_502_283_96_241_131_125_504_287,36878
861,226_184_345_572_216_428_503_377_188_116_451_382_395_247_442,42895
862,307_377_298_148_257_467_288_293_96_550_202_314_270_390_497,43906
863,247_314_326_241_459_245_490_382_106_385_188_222_301_298_209,36647
864,254_116_431_199_451_366_416_185_389_497_226_428_196_506_182,41024
865,199_287_466_291_475_534_106_492_305_384_185_437_484_149_506,55416
866,427_285_195_254_308_345_491_346_250_293_209_202_385_529_492,38172
867,209_367_346_270_247_192_207_384_170_326_467_510_513_307_131,44172
868,293_334_209_186_470_416_319_422_397_418_250_106_445_390_377,43152
869,534_128_210_248_312_254_464_395_355_454_367_461_487_109_148,41614
870,402_186_355_250_466_168_418_241_313_367_503_196_248_101_438,44270
871,307_369_322_501_128_270_396_382_411_388_298_192_550_286_374,45663
872,106_464_186_487_247_519_445_285_226_342_369_250_308_152_572,50575
873,374_384_561_270_288_575_148_459_484_502_138_481_314_184_519,55753
874,464_497_480_397_319_451_192_454_459_138_315_513_283_452_519,47402
875,207_512_385_487_431_148_131_510_484_442_446_196_212_322_99,47917
876,172_488_389_168_507_428_196_492_318_222_502_285_270_291_397,43869
877,307_422_283_222_58_355_572_497_149_513_446_437_416_285_247,46726
878,342_307_209_168_248_458_422_475_384_391_510_286_318_186_382,53879
879,427_196_385_270_418_151_502_58_572_172_402_355_464_438_254,44168
880,304_212_368_196_550_109_223_459_186_418_401_210_287_575_257,39919
881,138_459_497_451_203_254_109_461_270_422_314_374_188_437_382,38980
882,503_480_249_534_203_283_131_342_431_382_245_492_418_445_459,52626
883,382_506_502_222_442_377_396_458_491_209_313_169_475_186_561,56069
884,481_345_388_125_480_313_411_248_203_314_346_241_461_464_283,40631
885,149_374_389_241_307_503_318_270_314_418_484_313_248_223_470,43987
886,326_283_314_444_202_210_366_481_101_389_342_402_437_319_186,46406
887,106_416_342_168_283_182_345_438_464_346_427_216_481_374_377,45562
888,170_445_185_305_304_368_437_427_318_308_346_490_431_487_148,39684
889,346_416_305_575_128_257_397_470_467_58_226_503_428_497_461,50821
890,503_572_314_203_192_442_454_307_458_367_184_428_168_254_467,43437
891,513_195_185_366_172_367_289_437_431_470_184_182_322_245_550,41997
892,186_293_452_459_490_99_319_326_185_572_491_207_436_257_241,46218
893,170_506_367_207_96_245_461_428_481_397_116_308_385_307_436,44788
894,396_397_116_205_534_374_149_151_369_298_326_507_210_168_458,48812
895,442_416_369_382_249_529_502_487_245_490_308_199_192_270_287,39362
896,428_106_396_96_207_519_212_506_148_185_293_454_322_475_245,56087
897,346_270_447_342_401_223_497_185_397_182_550_492_226_452_366,47170
898,391_209_382_497_254_384_249_459_466_431_202_314_315_388_418,39055
899,209_345_401_254_355_427_291_475_99_391_223_314_289_393_185,37308
900,470_184_222_402_283_451_185_257_312_203_248_490_437_188_447,42704
901,169_182_389_368_384_470_422_451_427_437_395_466_388_502_436,36024
902,96_427_248_431_404_169_148_458_211_480_366_470_249_446_484,38063
903,149_304_401_226_222_131_488_503_366_431_475_572_301_212_318,49260
904,151_492_315_212_464_466_298_395_334_444_245_402_128_138_519,49089
905,315_438_467_283_186_245_475_388_355_170_529_506_151_442_138,50199
906,458_99_345_382_445_491_149_334_446_318_226_270_447_397_288,52236
907,395_346_416_369_245_148_212_151_437_149_368_101_418_99_152,31324
908,286_512_128_561_437_202_287_442_195_519_101_436_401_304_513,49887
909,149_184_293_436_418_550_422_424_431_186_138_207_427_287_492,43800
910,245_109_503_395_374_185_366_226_318_470_152_422_345_313_502,46507
911,444_506_149_396_210_416_223_393_285_334_211_304_384_128_307,45775
912,487_436_293_196_454_484_437_345_334_382_172_491_396_287_270,51433
913,442_446_169_502_451_250_313_172_96_464_404_285_298_211_207,41968
914,422_199_58_308_369_319_446_389_226_109_491_470_454_575_257,51881
915,195_411_298_377_428_301_128_192_389_396_382_345_249_241_99,33467
916,170_216_385_195_504_184_550_377_451_572_382_431_301_312_529,49231
917,442_188_287_283_550_223_151_385_210_192_366_484_125_534_510,53784
918,289_250_388_502_319_454_550_125_248_488_199_491_303_395_572,45067
919,467_418_116_550_396_513_289_427_186_131_125_438_503_492_470,45682
920,184_458_447_289_393_326_487_322_384_385_445_96_452_245_308,44510
921,445_199_484_431_507_374_529_503_96_184_288_442_454_182_307,55293
922,212_58_216_447_366_203_288_226_169_446_501_291_151_424_202,40086
923,436_507_58_207_283_192_452_298_397_128_247_504_368_374_101,43238
924,202_452_151_148_384_418_572_283_368_390_223_109_287_388_401,40775
925,427_195_507_491_377_149_307_506_437_304_196_313_461_388_202,47391
926,402_445_401_312_222_388_459_149_211_504_491_501_172_185_427,48694
927,519_223_404_184_385_226_312_446_298_444_506_513_303_210_342,46940
928,519_192_437_289_464_470_131_152_257_436_211_369_458_507_395,41208
929,184_396_226_404_148_298_561_488_116_288_270_216_451_501_138,49263
930,205_209_504_96_188_270_109_210_334_401_254_431_377_367_498,41777
931,188_492_192_377_308_397_513_289_466_416_205_459_307_195_534,46069
932,125_561_334_168_308_319_245_151_301_188_377_116_106_442_481,47218
933,374_418_216_355_451_475_185_490_481_529_572_385_442_427_212,48540
934,377_502_451_203_488_550_355_283_199_481_572_507_307_446_212,47401
935,550_393_487_168_196_216_203_424_254_390_286_367_418_428_250,41507
936,466_199_96_207_470_427_374_148_397_58_393_149_444_288_395,39177
937,491_172_222_422_210_148_254_366_58_128_368_342_444_484_461,44883
938,497_298_437_209_168_322_368_459_384_503_196_293_389_534_211,50955
939,396_182_507_395_393_501_185_303_422_211_291_444_366_385_459,43108
940,510_395_389_572_529_169_368_149_396_445_99_459_58_437_109,48781
941,291_203_226_289_480_308_498_424_447_454_446_431_529_346_283,45073
942,138_436_507_550_470_404_109_202_170_391_334_529_487_445_270,59702
943,195_169_307_254_151_170_286_377_442_491_211_293_283_513_519,45971
944,447_250_416_172_283_461_192_96_488_138_446_377_390_438_572,44680
945,418_301_513_131_490_428_286_504_184_575_305_172_510_212_250,45956
946,152_304_550_367_507_291_397_345_245_99_475_446_427_575_436,45298
947,223_257_561_313_151_248_513_185_481_418_319_199_342_207_286,44360
948,138_298_402_575_288_319_205_389_168_411_452_188_504_442_250,47484
949,101_393_182_169_504_389_368_254_572_58_209_172_216_293_452,40102
950,131_248_185_205_550_109_382_411_287_212_222_288_438_334_254,45540
951,212_211_484_322_444_168_497_467_488_487_241_254_202_475_288,45124
952,481_506_355_454_418_519_322_203_298_391_283_312_369_466_572,48619
953,285_422_257_151_254_507_342_334_152_301_470_210_444_212_502,46066
954,288_207_169_131_384_182_308_202_270_222_507_484_212_226_389,40632
955,342_444_131_427_241_452_377_504_382_355_397_286_138_116_445,43427
956,241_512_312_575_172_170_186_572_459_247_481_369_458_519_480,45242
957,186_247_241_304_366_388_195_245_254_431_192_212_283_151_250,34614
958,355_442_390_203_369_393_286_307_99_382_481_58_388_195_504,40097
959,207_391_422_58_287_437_289_192_312_226_475_196_502_480_481,45738
960,186_561_382_428_148_393_467_202_138_169_304_195_529_216_203,48534
961,513_315_437_480_446_293_314_402_388_445_257_488_248_318_305,45114
962,418_313_291_288_205_186_427_345_451_185_226_210_447_529_96,44664
963,466_101_312_416_58_452_207_313_461_216_195_411_346_464_287,32112
964,211_491_550_319_451_207_422_304_374_480_245_182_342_572_404,46335
965,211_313_424_287_216_298_169_196_293_192_427_188_445_289_382,34352
966,466_298_487_502_369_346_512_96_391_222_288_207_490_451_195,45156
967,418_223_503_58_270_101_168_384_550_288_96_149_377_411_388,42625
968,397_431_298_58_149_106_168_369_99_447_301_334_470_182_561,46218
969,212_401_466_504_498_427_248_315_101_404_308_241_188_418_202,45686
970,355_285_390_109_431_388_487_186_247_315_257_151_467_506_125,44869
971,369_390_470_492_382_287_575_205_467_422_106_402_510_442_212,49492
972,534_305_318_249_418_116_464_216_106_431_422_205_437_369_397,43701
973,431_172_391_138_438_96_393_355_285_401_470_402_188_305_315,34388
974,249_395_223_404_491_196_459_283_301_286_257_427_106_248_205,46600
975,334_422_245_182_312_148_492_466_411_116_285_223_207_247_504,47535
976,125_128_411_422_205_428_305_172_519_169_534_212_395_216_226,41434
977,572_428_444_561_512_388_196_396_529_109_58_223_459_503_393,52929
978,149_186_125_326_367_212_384_388_248_451_203_101_288_216_390,35285
979,504_345_484_444_210_125_342_507_195_481_442_393_438_106_58,52853
980,334_504_209_507_492_491_431_298_250_247_202_445_384_222_283,46846
981,172_241_395_503_288_396_248_293_367_185_205_366_249_431_148,37908
982,318_188_393_452_307_185_315_322_125_319_497_445_138_369_169,43695
983,106_186_286_128_464_245_152_442_550_507_391_416_305_355_572,45173
984,289_138_188_254_195_199_209_151_382_205_396_561_202_304_418,36563
985,314_355_367_307_451_458_169_492_202_446_427_504_226_444_210,42133
986,487_484_444_404_507_313_199_418_182_318_169_422_58_498_397,49507
987,247_492_422_286_149_345_182_561_447_475_497_199_313_342_99,52662
988,192_382_475_374_312_427_322_572_437_397_148_396_452_444_168,46457
989,99_427_388_497_454_459_202_304_404_451_247_182_205_550_188,41451
990,319_461_488_138_301_222_393_402_504_428_247_216_436_288_304,45506
991,572_367_288_106_202_212_512_211_287_437_424_393_446_411_355,43464
992,248_116_315_504_458_308_170_326_452_257_304_312_506_168_470,41998
993,451_480_438_452_502_529_109_125_168_151_497_550_186_308_388,50021
994,451_377_249_491_182_286_501_382_488_427_492_484_550_446_391,43654
995,422_431_436_397_131_416_116_488_185_315_446_466_404_168_390,40677
996,307_207_550_491_393_411_497_186_510_369_170_488_492_368_446,48332
997,389_422_116_334_446_203_152_170_151_501_436_492_397_308_304,45051
998,326_369_428_283_458_101_424_404_192_257_128_390_529_464_182,48131
999,210_382_437_431_148_182_247_388_418_186_152_492_203_497_438,38364
1000,291_454_205_195_447_249_192_313_503_510_304_445_444_427_513,43702
