pixels,file
30341,183.gif
22705,173.gif
20203,499.gif
18498,511.gif
17207,290.gif
15745,646.gif
15262,670.gif
14658,324.gif
14589,320.gif
14036,352.gif
14036,356.gif
13498,500.gif
13398,777.gif
13331,776.gif
12805,756.gif
12758,765.gif
12567,440.gif
11617,771.gif
11274,394.gif
10961,521.gif
10860,683.gif
10792,449.gif
10304,336.gif
10261,841.gif
10137,766.gif
9927,794.gif
9773,156.gif
9412,430.gif
9179,838.gif
8687,437.gif
8687,742.gif
8687,743.gif
8687,803.gif
8542,716.gif
8471,416.gif
8271,322.gif
8252,574.gif
8168,587.gif
8151,585.gif
8097,487.gif
7991,283.gif
7822,445.gif
7746,384.gif
7510,168.gif
7341,491.gif
7300,59.gif
7295,314.gif
7272,455.gif
7232,110.gif
7218,60.gif
7140,396.gif
7095,288.gif
7095,612.gif
7095,873.gif
6932,185.gif
6932,192.gif
6874,609.gif
6816,194.gif
6816,617.gif
6756,610.gif
6756,611.gif
6756,616.gif
6596,287.gif
6536,205.gif
6475,209.gif
6445,308.gif
6445,309.gif
6445,700.gif
6400,605.gif
6389,503.gif
6369,318.gif
6369,319.gif
6218,631.gif
6206,467.gif
6134,313.gif
6085,451.gif
6085,458.gif
6067,552.gif
6030,763.gif
5971,647.gif
5970,257.gif
5886,632.gif
5844,393.gif
5834,402.gif
5822,81.gif
5808,660.gif
5806,431.gif
5806,438.gif
5805,640.gif
5802,783.gif
5795,501.gif
5794,492.gif
5771,519.gif
5739,576.gif
5733,510.gif
5710,790.gif
5695,484.gif
5695,678.gif
5681,422.gif
5667,735.gif
5667,736.gif
5651,454.gif
5651,784.gif
5634,452.gif
5620,334.gif
5607,754.gif
5535,744.gif
5479,466.gif
5463,109.gif
5463,128.gif
5414,490.gif
5379,702.gif
5379,720.gif
5360,401.gif
5348,693.gif
5345,529.gif
5285,200.gif
5285,202.gif
5285,203.gif
5285,593.gif
5285,594.gif
5285,672.gif
5285,737.gif
5277,682.gif
5231,488.gif
5231,502.gif
5231,661.gif
5227,170.gif
5222,731.gif
5196,719.gif
5186,285.gif
5186,291.gif
5176,624.gif
5176,664.gif
5174,172.gif
5100,342.gif
5088,561.gif
5084,241.gif
5084,635.gif
5084,668.gif
5084,710.gif
5084,717.gif
5084,718.gif
5084,748.gif
5084,768.gif
5080,534.gif
5042,424.gif
5038,475.gif
5034,788.gif
5012,733.gif
5009,504.gif
5009,507.gif
4993,151.gif
4963,242.gif
4952,207.gif
4952,680.gif
4952,746.gif
4952,751.gif
4952,782.gif
4950,346.gif
4950,349.gif
4950,353.gif
4950,364.gif
4950,623.gif
4950,769.gif
4920,125.gif
4890,650.gif
4870,709.gif
4861,345.gif
4861,348.gif
4853,797.gif
4816,662.gif
4816,681.gif
4811,298.gif
4811,301.gif
4811,69.gif
4810,315.gif
4784,595.gif
4777,689.gif
4741,792.gif
4718,648.gif
4712,707.gif
4711,686.gif
4684,359.gif
4677,428.gif
4643,326.gif
4634,655.gif
4630,461.gif
4630,747.gif
4614,385.gif
4594,222.gif
4592,870.gif
4581,390.gif
4581,391.gif
4571,550.gif
4567,853.gif
4561,447.gif
4554,506.gif
4554,698.gif
4541,463.gif
4536,184.gif
4536,442.gif
4523,312.gif
4523,317.gif
4506,199.gif
4498,444.gif
4496,850.gif
4476,131.gif
4476,781.gif
4476,796.gif
4476,811.gif
4470,481.gif
4467,303.gif
4467,304.gif
4467,305.gif
4467,307.gif
4459,169.gif
4455,513.gif
4449,377.gif
4446,216.gif
4446,642.gif
4446,772.gif
4436,641.gif
4408,395.gif
4408,397.gif
4406,497.gif
4405,366.gif
4393,821.gif
4374,139.gif
4371,848.gif
4364,694.gif
4360,388.gif
4360,389.gif
4338,692.gif
4326,715.gif
4309,606.gif
4309,764.gif
4303,446.gif
4297,152.gif
4287,418.gif
4286,708.gif
4284,512.gif
4281,498.gif
4256,572.gif
4256,816.gif
4239,355.gif
4239,367.gif
4239,368.gif
4239,369.gif
4239,374.gif
4239,677.gif
4236,245.gif
4236,247.gif
4236,249.gif
4236,250.gif
4230,286.gif
4221,195.gif
4221,196.gif
4218,738.gif
4205,705.gif
4205,706.gif
4178,427.gif
4178,436.gif
4174,817.gif
4165,582.gif
4153,101.gif
4153,99.gif
4146,182.gif
4142,138.gif
4123,29.gif
4120,248.gif
4115,553.gif
4112,404.gif
4112,406.gif
4099,459.gif
4099,464.gif
4086,673.gif
4052,793.gif
4047,270.gif
4036,211.gif
4036,212.gif
4035,210.gif
4025,293.gif
4023,188.gif
4020,480.gif
4012,106.gif
4012,149.gif
4012,795.gif
4009,254.gif
4007,148.gif
4006,223.gif
4006,226.gif
3993,186.gif
3993,96.gif
3984,721.gif
3960,752.gif
3960,805.gif
3954,382.gif
3951,289.gif
3944,575.gif
3936,58.gif
3936,729.gif
3934,470.gif
3928,116.gif
3928,778.gif
3890,411.gif
3890,415.gif
3882,613.gif
3877,363.gif
3877,365.gif
3871,799.gif
3854,713.gif
3853,620.gif
3853,94.gif
3852,505.gif
3852,676.gif
3852,704.gif
3852,812.gif
3850,171.gif
3837,232.gif
3837,443.gif
3831,85.gif
3826,119.gif
3819,590.gif
3815,517.gif
3807,468.gif
3806,621.gif
3804,189.gif
3775,70.gif
3744,622.gif
3739,225.gif
3709,370.gif
3709,386.gif
3688,167.gif
3688,174.gif
3688,175.gif
3688,177.gif
3688,600.gif
3663,486.gif
3662,294.gif
3662,295.gif
3662,299.gif
3660,453.gif
3659,522.gif
3658,563.gif
3658,568.gif
3658,643.gif
3658,712.gif
3658,745.gif
3655,636.gif
3652,191.gif
3651,136.gif
3647,256.gif
3647,258.gif
3645,220.gif
3645,238.gif
3645,239.gif
3642,824.gif
3615,90.gif
3613,509.gif
3611,145.gif
3611,685.gif
3607,115.gif
3601,64.gif
3601,67.gif
3601,732.gif
3601,755.gif
3601,780.gif
3597,306.gif
3597,311.gif
3597,762.gif
3581,785.gif
3576,723.gif
3576,724.gif
3576,725.gif
3576,741.gif
3569,221.gif
3566,357.gif
3566,358.gif
3559,129.gif
3559,130.gif
3543,800.gif
3521,339.gif
3509,244.gif
3509,259.gif
3509,588.gif
3496,531.gif
3488,372.gif
3487,41.gif
3487,869.gif
3477,441.gif
3474,434.gif
3468,54.gif
3463,540.gif
3463,544.gif
3463,688.gif
3463,699.gif
3463,749.gif
3463,866.gif
3459,72.gif
3459,842.gif
3458,496.gif
3458,562.gif
3446,433.gif
3444,121.gif
3444,140.gif
3444,143.gif
3433,296.gif
3433,774.gif
3426,213.gif
3424,380.gif
3423,93.gif
3418,278.gif
3418,279.gif
3418,282.gif
3417,141.gif
3417,525.gif
3417,608.gif
3417,625.gif
3417,696.gif
3417,697.gif
3417,711.gif
3417,730.gif
3417,740.gif
3417,760.gif
3417,813.gif
3417,819.gif
3417,863.gif
3415,714.gif
3414,113.gif
3413,330.gif
3412,536.gif
3412,804.gif
3408,474.gif
3347,378.gif
3344,333.gif
3344,485.gif
3343,132.gif
3343,133.gif
3319,55.gif
3316,176.gif
3311,144.gif
3306,107.gif
3306,656.gif
3277,97.gif
3273,539.gif
3273,602.gif
3271,398.gif
3268,439.gif
3268,767.gif
3265,272.gif
3250,460.gif
3235,124.gif
3235,127.gif
3232,860.gif
3227,66.gif
3222,340.gif
3222,341.gif
3216,331.gif
3210,134.gif
3210,508.gif
3210,815.gif
3197,545.gif
3197,88.gif
3196,197.gif
3196,407.gif
3196,410.gif
3196,412.gif
3195,419.gif
3188,432.gif
3158,84.gif
3143,252.gif
3133,122.gif
3133,123.gif
3129,462.gif
3129,469.gif
3128,255.gif
3127,839.gif
3125,102.gif
3125,103.gif
3091,549.gif
3089,118.gif
3088,120.gif
3073,323.gif
3073,435.gif
3063,22.gif
3051,104.gif
3048,479.gif
3024,423.gif
3014,478.gif
3013,371.gif
3013,376.gif
3007,520.gif
3007,671.gif
3003,408.gif
3002,476.gif
3000,237.gif
2997,73.gif
2983,603.gif
2982,240.gif
2982,251.gif
2960,154.gif
2960,607.gif
2960,734.gif
2952,583.gif
2952,599.gif
2951,471.gif
2931,236.gif
2927,92.gif
2919,224.gif
2919,229.gif
2912,23.gif
2912,3.gif
2910,215.gif
2903,822.gif
2902,844.gif
2893,691.gif
2888,198.gif
2870,108.gif
2864,230.gif
2850,4.gif
2848,253.gif
2844,570.gif
2844,573.gif
2844,703.gif
2838,856.gif
2832,158.gif
2827,361.gif
2822,114.gif
2822,117.gif
2821,495.gif
2820,178.gif
2820,233.gif
2820,750.gif
2778,477.gif
2778,669.gif
2778,872.gif
2762,528.gif
2760,547.gif
2754,787.gif
2742,387.gif
2724,43.gif
2719,362.gif
2714,208.gif
2714,234.gif
2696,61.gif
2696,63.gif
2683,217.gif
2683,218.gif
2683,231.gif
2676,633.gif
2676,8.gif
2652,663.gif
2651,235.gif
2626,802.gif
2597,28.gif
2597,865.gif
2595,181.gif
2594,180.gif
2593,383.gif
2593,846.gif
2588,261.gif
2587,343.gif
2578,79.gif
2578,820.gif
2578,83.gif
2563,135.gif
2563,753.gif
2558,332.gif
2543,524.gif
2543,651.gif
2543,653.gif
2543,861.gif
2542,429.gif
2509,86.gif
2501,273.gif
2488,277.gif
2480,260.gif
2480,266.gif
2480,268.gif
2472,399.gif
2472,400.gif
2458,274.gif
2456,801.gif
2455,565.gif
2455,566.gif
2455,684.gif
2430,32.gif
2422,75.gif
2421,554.gif
2421,555.gif
2412,89.gif
2411,262.gif
2411,265.gif
2398,325.gif
2386,310.gif
2378,530.gif
2372,112.gif
2367,11.gif
2367,5.gif
2367,626.gif
2365,832.gif
2358,281.gif
2358,292.gif
2348,77.gif
2348,78.gif
2334,24.gif
2329,826.gif
2321,137.gif
2321,687.gif
2317,392.gif
2306,845.gif
2290,276.gif
2289,146.gif
2289,147.gif
2253,12.gif
2250,494.gif
2247,722.gif
2240,18.gif
2227,344.gif
2227,347.gif
2227,351.gif
2227,354.gif
2227,789.gif
2220,56.gif
2180,153.gif
2180,161.gif
2180,162.gif
2180,758.gif
2180,759.gif
2180,761.gif
2174,179.gif
2165,48.gif
2145,44.gif
2145,45.gif
2145,47.gif
2145,775.gif
2144,302.gif
2136,523.gif
2136,526.gif
2136,786.gif
2129,379.gif
2129,381.gif
2123,159.gif
2123,160.gif
2108,62.gif
2108,649.gif
2107,193.gif
2107,589.gif
2087,105.gif
2079,413.gif
2068,425.gif
2057,38.gif
2055,637.gif
2055,695.gif
2042,543.gif
2036,448.gif
2035,243.gif
2029,426.gif
2022,868.gif
2004,457.gif
2004,49.gif
1993,280.gif
1993,701.gif
1993,871.gif
1978,639.gif
1977,35.gif
1977,739.gif
1974,80.gif
1909,546.gif
1909,557.gif
1909,559.gif
1905,68.gif
1886,71.gif
1880,420.gif
1880,421.gif
1879,300.gif
1872,827.gif
1847,560.gif
1843,472.gif
1833,798.gif
1826,36.gif
1808,214.gif
1805,514.gif
1802,373.gif
1802,375.gif
1789,337.gif
1774,111.gif
1774,690.gif
1756,551.gif
1756,849.gif
1745,20.gif
1734,57.gif
1734,630.gif
1730,204.gif
1727,556.gif
1727,558.gif
1724,52.gif
1724,53.gif
1724,87.gif
1702,219.gif
1698,155.gif
1698,157.gif
1698,592.gif
1698,658.gif
1695,329.gif
1665,518.gif
1657,126.gif
1657,403.gif
1649,46.gif
1631,638.gif
1631,98.gif
1617,206.gif
1593,150.gif
1589,858.gif
1587,350.gif
1587,659.gif
1563,535.gif
1563,538.gif
1563,6.gif
1541,405.gif
1533,414.gif
1530,473.gif
1518,338.gif
1514,482.gif
1497,837.gif
1490,95.gif
1476,571.gif
1460,163.gif
1460,165.gif
1460,166.gif
1460,596.gif
1453,489.gif
1445,770.gif
1443,65.gif
1442,316.gif
1436,13.gif
1436,16.gif
1436,7.gif
1433,614.gif
1427,267.gif
1417,327.gif
1378,808.gif
1355,417.gif
1349,187.gif
1306,483.gif
1289,42.gif
1281,269.gif
1253,843.gif
1238,10.gif
1238,823.gif
1232,275.gif
1229,456.gif
1226,34.gif
1226,91.gif
1204,818.gif
1160,284.gif
1124,851.gif
1120,619.gif
1120,82.gif
1098,321.gif
1097,297.gif
1065,190.gif
1043,564.gif
1043,567.gif
970,679.gif
949,857.gif
944,847.gif
942,652.gif
926,335.gif
832,667.gif
832,840.gif
788,615.gif
775,584.gif
775,867.gif
734,409.gif
706,627.gif
690,728.gif
689,601.gif
667,100.gif
645,859.gif
611,810.gif
550,227.gif
550,228.gif
534,836.gif
532,74.gif
517,328.gif
513,50.gif
513,51.gif
495,541.gif
484,142.gif
484,634.gif
447,465.gif
431,164.gif
431,586.gif
417,31.gif
401,542.gif
379,665.gif
369,26.gif
333,493.gif
320,604.gif
314,727.gif
306,537.gif
304,27.gif
257,533.gif
242,30.gif
219,263.gif
219,264.gif
190,548.gif
122,17.gif
80,666.gif
74,527.gif
74,862.gif
72,629.gif